{"cameraMode":{"drawMode":0,"name":"Shaded","section":"Shading Mode"},"sceneLighting":true,"audioPlay":false,"sceneViewState":{"m_AlwaysRefresh":false,"showFog":true,"showSkybox":true,"showFlares":true,"showImageEffects":true,"showParticleSystems":true,"showVisualEffectGraphs":true,"m_FxEnabled":true},"in2DMode":false,"pivot":{"x":2.1944611072540285,"y":2.6346123218536379,"z":2.900305986404419},"rotation":{"x":0.04003433138132095,"y":0.8710870146751404,"z":-0.07202820479869843,"w":0.4841628968715668},"size":0.25937360525131228,"orthographic":false}